{
    "sessionId": "20250415192253",
    "timestamp": "20250415_192256",
    "handDetectionCount": 1,
    "handDetectionDuration": 0.5013887882232666,
    "lossEyeContactCount": 1,
    "lookingAwayDuration": 0.5007977485656738,
    "badPostureCount": 0,
    "badPostureDuration": 0
}