{
    "sessionId": "20250420203330",
    "timestamp": "20250420_203336",
    "handDetectionCount": 2,
    "handDetectionDuration": 1.5060420036315918,
    "lossEyeContactCount": 2,
    "lookingAwayDuration": 1.002394199371338,
    "badPostureCount": 0,
    "badPostureDuration": 0
}