{
    "sessionId": "20250415200658",
    "timestamp": "20250415_200724",
    "handDetectionCount": 4,
    "handDetectionDuration": 2.001809597015381,
    "lossEyeContactCount": 9,
    "lookingAwayDuration": 5.005033016204834,
    "badPostureCount": 7,
    "badPostureDuration": 4.002067804336548
}