{
    "sessionId": "20250414003141",
    "timestamp": "20250414_003229",
    "handDetectionCount": 16,
    "handDetectionDuration": 9.530718326568604,
    "lossEyeContactCount": 12,
    "lookingAwayDuration": 8.03371787071228,
    "badPostureCount": 9,
    "badPostureDuration": 4.504416227340698
}