{
    "sessionId": "20250413095635",
    "timestamp": "20250413_095716",
    "handDetectionCount": 16,
    "handDetectionDuration": 10.011362552642822,
    "lossEyeContactCount": 10,
    "lookingAwayDuration": 5.502634525299072,
    "badPostureCount": 4,
    "badPostureDuration": 2.00174617767334
}